Season,Name,Tm,G,PA,AB,H,1B,2B,3B,HR,R,RBI,BB,IBB,SO,HBP,SF,SH,GDP,SB,CS,AVG,playerId
2023,"Miguel Cabrera","DET",26,97,92,26,22,3,0,1,3,8,5,0,20,0,0,0,1,0,0,0.282608695,1744
2023,"David Peralta","LAD",34,120,115,31,18,9,1,3,12,15,3,0,18,1,1,0,2,0,1,0.269565217,2136
2023,"Nelson Cruz","SDP",8,27,26,4,3,0,1,0,1,0,1,0,6,0,0,0,0,0,0,0.153846153,2434
2023,"Tommy Pham","NYM",11,37,34,12,7,3,0,2,4,8,2,0,7,0,1,0,0,0,0,0.352941176,2967
2023,"Charlie Culberson","ATL",1,1,1,1,1,0,0,0,0,0,0,0,0,0,0,0,0,0,0,1,3298
2023,"Eric Hosmer","CHC",8,27,26,6,5,0,0,1,1,4,1,0,12,0,0,0,1,0,0,0.23076923,3516
2023,"Michael Brantley","HOU",8,32,31,10,7,2,0,1,5,5,1,0,1,0,0,0,1,0,0,0.322580645,4106
2023,"Joey Votto","CIN",44,172,149,30,14,4,0,12,20,32,18,0,44,5,0,0,2,0,0,0.201342281,4314
2023,"Mike Moustakas","2 Tms",11,46,42,12,8,2,0,2,9,6,4,0,11,0,0,0,2,0,0,0.285714285,4892
2023,"Jason Heyward","LAD",36,125,115,30,19,7,0,4,17,11,8,0,20,1,0,0,3,0,0,0.260869565,4940
2023,"Giancarlo Stanton","NYY",1,1,1,0,0,0,0,0,0,0,0,0,1,0,0,0,0,0,0,0,4949
2023,"Josh Donaldson","2 Tms",11,45,37,7,1,2,0,4,4,8,7,0,11,0,1,0,0,0,0,0.189189189,5038
2023,"Justin Turner","BOS",1,1,1,0,0,0,0,0,0,0,0,0,1,0,0,0,0,0,0,0,5235
2023,"Robbie Grossman","TEX",28,101,87,19,11,7,0,1,10,10,10,0,19,0,4,0,4,0,0,0.218390804,5254
2023,"Sandy Leon","TEX",6,6,6,2,1,1,0,0,0,2,0,0,2,0,0,0,0,0,0,0.333333333,5273
2023,"Aaron Hicks","2 Tms",24,89,77,19,15,1,0,3,12,10,12,0,19,0,0,0,1,2,0,0.246753246,5297
2023,"Brandon Crawford","SFG",5,18,17,3,2,0,0,1,1,4,1,0,8,0,0,0,0,0,0,0.176470588,5343
2023,"Ji Man Choi","SDP",3,11,10,2,1,1,0,0,0,1,1,0,3,0,0,0,0,0,0,0.2,5452
2023,"Abraham Almonte","NYM",3,11,10,1,0,1,0,0,1,0,1,0,6,0,0,0,0,0,0,0.1,5486
2023,"Kyle Higashioka","NYY",1,5,5,2,1,1,0,0,1,0,0,0,2,0,0,0,0,0,0,0.4,5517
2023,"Avisail Garcia","MIA",9,31,29,1,1,0,0,0,1,0,1,0,10,1,0,0,0,0,0,0.034482758,5760
2023,"Wilmer Flores","SFG",5,16,16,3,2,1,0,0,0,0,0,0,4,0,0,0,0,0,0,0.1875,5827
2023,"Jean Segura","MIA",42,165,151,39,32,4,2,1,14,12,13,0,22,1,0,0,6,3,1,0.258278145,5933
2023,"Eduardo Escobar","2 Tms",14,46,44,13,10,0,2,1,4,6,2,0,9,0,0,0,2,0,0,0.295454545,6153
2023,"Travis d'Arnaud","ATL",14,56,51,14,9,1,0,4,7,10,4,0,11,1,0,0,1,0,0,0.274509803,7739
2023,"Miguel Rojas","LAD",7,19,18,2,2,0,0,0,1,0,0,0,3,1,0,0,0,0,0,0.111111111,7802
2023,"Charlie Blackmon","COL",2,2,2,1,1,0,0,0,0,0,0,0,0,0,0,0,0,0,0,0.5,7859
2023,"Matt Carpenter","SDP",21,76,58,15,6,5,0,4,6,19,15,0,21,0,2,0,0,1,0,0.258620689,8090
2023,"Josh Harrison","PHI",6,24,20,5,4,1,0,0,3,1,2,0,3,1,1,0,1,0,0,0.25,8202
2023,"Donovan Solano","MIN",16,58,56,12,7,4,1,0,3,5,2,0,14,0,0,0,1,0,0,0.214285714,8623
2023,"Elvis Andrus","CHW",3,10,9,2,2,0,0,0,0,1,1,0,2,0,0,0,0,0,0,0.222222222,8709
2023,"Starling Marte","NYM",33,135,127,36,31,1,1,3,16,14,4,0,28,3,0,1,2,10,0,0.283464566,9241
2023,"AJ Pollock","SEA",3,11,9,2,0,0,0,2,3,6,1,0,0,0,1,0,0,0,0,0.222222222,9256
2023,"Evan Longoria","ARI",18,65,59,15,12,1,0,2,6,6,5,0,18,0,1,0,2,0,0,0.254237288,9368
2023,"Yan Gomes","CHC",17,68,64,19,13,4,0,2,11,14,4,0,10,0,0,0,1,0,0,0.296875,9627
2023,"Christian Vazquez","MIN",1,4,4,1,1,0,0,0,0,0,0,0,2,0,0,0,0,0,0,0.25,9774
2023,"DJ LeMahieu","NYY",15,50,45,13,10,2,0,1,2,4,5,0,9,0,0,0,1,0,0,0.288888888,9874
2023,"Darin Ruf","2 Tms",2,2,2,0,0,0,0,0,0,0,0,0,0,0,0,0,0,0,0,0,9929
2023,"Trayce Thompson","2 Tms",8,26,24,3,3,0,0,0,0,0,2,0,10,0,0,0,0,0,0,0.125,9952
2023,"Christian Bethancourt","TBR",3,10,10,3,1,1,0,1,2,1,0,0,3,0,0,0,0,0,0,0.3,10028
2023,"Wil Myers","CIN",8,33,29,5,5,0,0,0,1,0,4,0,10,0,0,0,1,0,0,0.172413793,10047
2023,"Randal Grichuk","2 Tms",21,78,71,20,14,3,0,3,10,9,4,0,11,2,1,0,2,0,0,0.28169014,10243
2023,"Brandon Belt","TOR",19,72,61,16,7,7,0,2,9,9,11,0,27,0,0,0,2,0,0,0.262295081,10264
2023,"Rafael Ortega","NYM",3,9,7,1,0,1,0,0,1,1,2,0,3,0,0,0,0,0,0,0.142857142,10323
2023,"Marcell Ozuna","ATL",53,214,192,41,23,8,0,10,28,25,20,1,53,0,2,0,2,0,0,0.213541666,10324
2023,"Jon Singleton","2 Tms",12,48,40,5,5,0,0,0,5,2,8,0,9,0,0,0,1,0,0,0.125,10441
2023,"Enrique Hernandez","2 Tms",31,116,102,30,25,4,0,1,12,18,10,1,22,1,3,0,4,0,0,0.294117647,10472
2023,"Carlos Perez","OAK",9,25,23,5,3,1,0,1,1,3,1,0,8,1,0,0,1,0,0,0.217391304,10642
2023,"Gio Urshela","LAA",14,58,51,16,12,2,1,1,3,10,5,0,5,0,2,0,1,2,0,0.31372549,10681
2023,"Corey Dickerson","WSN",10,31,29,5,3,1,0,1,2,5,2,0,3,0,0,0,0,0,0,0.172413793,10762
2023,"Jurickson Profar","SDP",3,12,12,2,2,0,0,0,1,0,0,0,1,0,0,0,1,0,0,0.166666666,10815
2023,"Adam Duvall","BOS",6,21,20,3,1,0,0,2,3,3,1,0,9,0,0,0,0,0,0,0.15,10950
2023,"Kevin Kiermaier","TOR",1,5,4,1,1,0,0,0,1,0,1,0,0,0,0,0,0,0,0,0.25,11038
2023,"Kole Calhoun","CLE",1,4,4,2,2,0,0,0,0,1,0,0,2,0,0,0,0,0,0,0.5,11200
2023,"Jonathan Schoop","DET",14,41,35,5,4,1,0,0,2,2,4,0,9,0,2,0,1,0,0,0.142857142,11265
2023,"Whit Merrifield","TOR",45,189,174,52,39,7,0,6,28,31,11,0,27,1,3,0,7,13,3,0.298850574,11281
2023,"Jake Marisnick","2 Tms",4,5,4,1,1,0,0,0,0,0,0,0,0,1,0,0,0,0,1,0.25,11339
2023,"Jesus Aguilar","OAK",5,12,12,4,3,1,0,0,1,0,0,0,2,0,0,0,0,0,0,0.333333333,11342
2023,"Yasmani Grandal","CHW",30,119,104,23,17,3,0,3,13,16,13,0,27,1,1,0,5,0,0,0.221153846,11368
2023,"Gary Sanchez","SDP",14,54,46,7,5,0,0,2,5,7,7,0,9,1,0,0,1,0,0,0.152173913,11442
2023,"Mark Canha","2 Tms",32,129,110,34,25,6,0,3,20,13,14,0,18,4,1,0,2,0,0,0.309090909,11445
2023,"Henry Ramos","CIN",6,23,20,4,3,0,1,0,2,1,2,0,6,1,0,0,1,1,0,0.2,11481
2023,"Michael A. Taylor","MIN",1,0,0,0,0,0,0,0,0,0,0,0,0,0,0,0,0,1,0,0,11489
2023,"Willson Contreras","STL",1,4,3,1,1,0,0,0,0,0,0,0,1,1,0,0,0,0,0,0.333333333,11609
2023,"Brandon Drury","LAA",27,108,102,28,13,8,1,6,16,17,4,0,30,0,2,0,4,0,0,0.274509803,11615
2023,"Elias Diaz","COL",22,89,85,32,24,5,0,3,11,18,4,0,15,0,0,0,1,1,0,0.376470588,11680
2023,"Nick Castellanos","PHI",6,25,22,8,4,0,1,3,4,10,2,0,6,0,1,0,1,0,0,0.363636363,11737
2023,"J.T. Realmuto","PHI",56,232,209,61,35,16,1,9,31,30,13,0,48,6,4,0,3,9,2,0.291866028,11739
2023,"Joc Pederson","SFG",7,15,11,0,0,0,0,0,2,1,4,1,5,0,0,0,0,0,0,0,11899
2023,"Hanser Alberto","CHW",5,18,17,3,0,2,0,1,2,1,0,0,4,1,0,0,1,0,0,0.176470588,11902
2023,"Nick Martini","CIN",2,3,2,0,0,0,0,0,0,0,0,0,1,1,0,0,0,0,0,0,12005
2023,"Jon Berti","MIA",18,53,49,12,10,2,0,0,3,2,3,0,7,1,0,0,2,1,0,0.244897959,12037
2023,"Max Kepler","MIN",12,47,44,10,5,1,0,4,6,8,3,0,13,0,0,0,2,0,0,0.227272727,12144
2023,"Nick Ahmed","ARI",3,5,5,1,0,1,0,0,1,0,0,0,3,0,0,0,0,0,0,0.2,12147
2023,"Eddie Rosario","ATL",41,157,143,32,18,7,1,6,17,16,11,0,31,0,2,1,5,1,1,0.223776223,12155
2023,"Xander Bogaerts","SDP",1,1,1,0,0,0,0,0,0,0,0,0,0,0,0,0,0,0,0,0,12161
2023,"Jorge Alfaro","2 Tms",6,25,23,4,2,1,0,1,1,3,2,0,9,0,0,0,1,0,0,0.173913043,12180
2023,"Rougned Odor","SDP",8,25,25,8,4,2,0,2,4,8,0,0,2,0,0,0,0,0,1,0.32,12282
2023,"Jace Peterson","2 Tms",26,80,69,12,8,4,0,0,3,4,10,1,21,1,0,0,1,1,1,0.173913043,12325
2023,"Kevin Pillar","ATL",9,10,9,1,1,0,0,0,1,1,1,0,5,0,0,0,0,0,0,0.111111111,12434
2023,"Kolten Wong","2 Tms",7,15,11,2,2,0,0,0,0,0,3,0,4,1,0,0,0,0,2,0.181818181,12532
2023,"Eugenio Suarez","SEA",32,132,113,31,15,12,0,4,16,17,10,0,38,4,5,0,1,0,0,0.274336283,12552
2023,"Trevor Story","BOS",11,48,43,7,4,2,0,1,3,5,5,0,17,0,0,0,0,4,0,0.162790697,12564
2023,"Brad Miller","TEX",1,1,1,0,0,0,0,0,0,0,0,0,0,0,0,0,0,0,0,0,12775
2023,"James McCann","BAL",13,46,45,12,8,3,0,1,3,4,0,0,8,1,0,0,0,0,0,0.266666666,12859
2023,"Austin Hedges","TEX",1,2,2,1,1,0,0,0,0,2,0,0,1,0,0,0,0,0,0,0.5,12976
2023,"Javier Baez","DET",17,63,59,16,12,2,1,1,10,5,4,0,9,0,0,0,3,5,0,0.27118644,12979
2023,"Teoscar Hernandez","SEA",19,73,67,19,12,4,1,2,9,5,5,0,19,0,1,0,2,1,1,0.283582089,13066
2023,"Josh Bell","CLE",12,49,44,11,6,3,0,2,7,7,4,0,8,1,0,0,0,0,0,0.25,13145
2023,"Jorge Polanco","MIN",1,4,4,3,2,0,0,1,1,2,0,0,1,0,0,0,0,0,0,0.75,13152
2023,"Orlando Arcia","ATL",3,12,11,2,2,0,0,0,0,0,1,0,1,0,0,0,0,0,0,0.181818181,13185
2023,"Max Muncy","LAD",8,29,25,4,3,1,0,0,5,2,4,0,3,0,0,0,0,0,0,0.16,13301
2023,"Ildemaro Vargas","WSN",18,68,64,18,8,8,0,2,8,13,2,0,5,0,1,1,3,0,0,0.28125,13324
2023,"Jake Lamb","LAA",7,27,25,6,6,0,0,0,1,2,2,0,10,0,0,0,1,0,0,0.24,13329
2023,"Omar Narvaez","NYM",1,4,3,0,0,0,0,0,1,1,1,0,0,0,0,0,0,0,0,0,13338
2023,"Christian Walker","ARI",1,1,0,0,0,0,0,0,1,0,1,0,0,0,0,0,0,0,0,0,13419
2023,"Tom Murphy","SEA",8,26,23,8,5,2,0,1,3,4,2,0,0,1,0,0,0,0,0,0.347826086,13499
2023,"Jesse Winker","MIL",2,7,7,1,1,0,0,0,1,0,0,0,0,0,0,0,0,0,0,0.142857142,13590
2023,"Patrick Wisdom","CHC",17,73,66,17,9,3,1,4,11,11,6,0,27,1,0,0,1,0,0,0.257575757,13602
2023,"Ketel Marte","ARI",1,1,0,0,0,0,0,0,0,0,1,0,0,0,0,0,0,0,0,0,13613
2023,"Carson Kelly","2 Tms",2,3,3,1,0,0,0,1,2,2,0,0,1,0,0,0,0,0,0,0.333333333,13620
2023,"Jeimer Candelario","2 Tms",9,38,35,11,8,2,1,0,3,2,3,0,7,0,0,0,0,2,0,0.314285714,13621
2023,"Tyrone Taylor","MIL",9,36,32,9,3,3,0,3,6,6,4,0,10,0,0,0,0,1,0,0.28125,13675
2023,"Chris Taylor","LAD",30,94,82,17,12,3,0,2,9,14,11,1,34,1,0,0,0,4,1,0.207317073,13757
2023,"Travis Jankowski","TEX",12,34,29,6,5,1,0,0,1,4,5,0,3,0,0,0,2,3,0,0.206896551,13768
2023,"Rob Refsnyder","BOS",4,7,5,0,0,0,0,0,0,0,2,0,1,0,0,0,1,1,0,0,13770
2023,"Matt Duffy","KCR",12,35,29,5,4,1,0,0,2,3,3,0,6,1,2,0,0,0,0,0.172413793,13836
2023,"Joey Wendle","MIA",22,80,75,14,11,2,0,1,6,4,4,0,20,0,0,1,1,2,1,0.186666666,13853
2023,"Eric Haase","DET",7,28,26,5,4,1,0,0,2,2,2,0,5,0,0,0,2,0,0,0.192307692,14111
2023,"Joey Gallo","MIN",7,21,15,2,1,1,0,0,3,1,5,0,4,1,0,0,0,0,1,0.133333333,14128
2023,"Daniel Vogelbach","NYM",11,41,32,9,6,1,0,2,6,7,9,0,14,0,0,0,1,0,0,0.28125,14130
2023,"Byron Buxton","MIN",5,19,16,6,1,3,0,2,5,6,2,1,6,1,0,0,0,1,0,0.375,14161
2023,"Andrew Velazquez","LAA",1,1,0,0,0,0,0,0,0,0,1,0,0,0,0,0,0,0,0,0,14196
2023,"Mitch Haniger","SFG",13,52,46,7,2,3,0,2,6,6,5,0,15,1,0,0,0,0,0,0.152173913,14274
2023,"Raimel Tapia","2 Tms",14,40,37,9,7,1,0,1,5,2,2,0,7,0,0,0,0,3,0,0.243243243,14350
2023,"Harold Ramirez","TBR",13,45,39,17,12,3,0,2,6,9,4,0,5,0,2,0,0,0,1,0.435897435,14387
2023,"Jake Cave","PHI",1,4,3,0,0,0,0,0,1,0,1,0,3,0,0,0,0,0,0,0,14477
2023,"Franmil Reyes","KCR",5,15,14,2,2,0,0,0,2,2,0,0,6,0,1,0,2,0,0,0.142857142,14566
2023,"Franchy Cordero","NYY",6,23,23,5,2,2,0,1,4,3,0,0,8,0,0,0,0,0,0,0.217391304,14567
2023,"Harold Castro","COL",18,64,63,21,17,4,0,0,7,12,0,0,11,0,1,0,1,1,0,0.333333333,14691
2023,"Manuel Margot","TBR",14,49,47,13,9,3,0,1,8,8,1,0,10,1,0,0,2,3,0,0.276595744,14712
2023,"Brett Phillips","LAA",3,1,1,0,0,0,0,0,0,0,0,0,0,0,0,0,0,0,0,0,14735
2023,"Luke Voit","MIL",10,41,36,9,8,1,0,0,4,4,4,0,11,1,0,0,2,1,0,0.25,14811
2023,"Kyle Farmer","MIN",22,73,64,19,15,4,0,0,9,13,7,0,15,1,1,0,0,1,1,0.296875,14813
2023,"Mike Yastrzemski","SFG",19,71,61,9,5,3,0,1,5,2,9,1,24,1,0,0,0,0,0,0.147540983,14854
2023,"Tony Kemp","OAK",7,18,16,1,1,0,0,0,1,1,1,0,3,0,0,1,2,0,0,0.0625,14894
2023,"Johan Camargo","SFG",1,4,3,0,0,0,0,0,0,1,0,0,0,1,0,0,1,0,0,0,14950
2023,"Victor Caratini","MIL",13,46,39,9,6,0,0,3,4,10,5,0,12,1,1,0,2,0,0,0.23076923,14968
2023,"Ryan McMahon","COL",14,56,53,12,4,6,1,1,6,4,3,0,15,0,0,0,2,3,2,0.226415094,15112
2023,"Hunter Dozier","KCR",7,21,21,3,3,0,0,0,1,1,0,0,5,0,0,0,0,0,0,0.142857142,15117
2023,"Tim Locastro","NYM",2,1,1,0,0,0,0,0,1,0,0,0,0,0,0,0,0,0,0,0,15124
2023,"Trey Mancini","CHC",25,77,65,16,10,6,0,0,11,5,10,1,24,0,1,0,2,0,0,0.246153846,15149
2023,"Mitch Garver","TEX",7,26,22,9,7,0,0,2,4,2,4,0,3,0,0,0,0,0,0,0.409090909,15161
2023,"Jake Bauers","NYY",20,66,59,17,9,3,0,5,8,12,5,0,25,0,2,0,0,0,1,0.288135593,15194
2023,"Brandon Dixon","SDP",2,2,2,0,0,0,0,0,1,0,0,0,1,0,0,0,0,0,0,0,15214
2023,"Adam Frazier","BAL",23,84,74,21,14,4,0,3,13,15,7,0,14,1,1,1,0,4,2,0.283783783,15223
2023,"Mike Tauchman","CHC",6,21,18,6,5,1,0,0,2,6,2,0,5,0,1,0,0,0,0,0.333333333,15274
2023,"Garrett Cooper","2 Tms",18,68,62,14,9,2,0,3,8,13,5,0,18,0,1,0,4,0,0,0.225806451,15279
2023,"Jeff McNeil","NYM",29,118,102,28,19,6,1,2,12,13,12,0,13,4,0,0,2,3,0,0.274509803,15362
2023,"Hunter Renfroe","2 Tms",20,80,71,22,12,7,0,3,11,12,7,0,13,1,1,0,0,0,0,0.309859154,15464
2023,"J.P. Crawford","SEA",1,4,4,0,0,0,0,0,0,0,0,0,1,0,0,0,0,0,0,0,15491
2023,"Amed Rosario","LAD",5,11,11,2,2,0,0,0,0,0,0,0,4,0,0,0,0,0,0,0.181818181,15518
2023,"Mike Ford","SEA",10,24,20,2,2,0,0,0,3,1,4,0,9,0,0,0,1,0,0,0.1,15585
2023,"Dominic Smith","WSN",44,183,167,44,36,7,0,1,18,13,12,0,29,4,0,0,6,0,0,0.263473053,15653
2023,"Billy McKinney","NYY",12,42,37,7,6,0,0,1,4,3,5,0,13,0,0,0,0,0,0,0.189189189,15654
2023,"Austin Meadows","DET",2,9,9,3,2,1,0,0,0,0,0,0,1,0,0,0,0,0,0,0.333333333,15672
2023,"Reese McGuire","BOS",2,5,5,3,2,1,0,0,0,0,0,0,1,0,0,0,0,0,0,0.6,15674
2023,"Jose Abreu","HOU",33,136,122,26,16,4,0,6,18,26,8,0,27,3,3,0,2,0,1,0.213114754,15676
2023,"Rowdy Tellez","MIL",15,38,33,6,5,0,0,1,1,3,5,1,16,0,0,0,0,0,0,0.181818181,15679
2023,"Tyler O'Neill","STL",29,116,109,23,15,3,0,5,12,11,7,0,35,0,0,0,3,0,0,0.211009174,15711
2023,"Tyler Wade","OAK",3,1,1,0,0,0,0,0,1,0,0,0,1,0,0,0,0,0,0,0,15730
2023,"Yonathan Daza","COL",2,6,5,1,0,1,0,0,1,1,0,0,3,1,0,0,0,0,0,0.2,15794
2023,"Miguel Andujar","PIT",4,12,11,3,1,1,0,1,2,4,1,0,2,0,0,0,0,0,0,0.272727272,15878
2023,"Luis Torrens","2 Tms",2,3,3,0,0,0,0,0,0,0,0,0,1,0,0,0,0,0,0,0,15905
2023,"Aledmys Diaz","OAK",18,62,54,11,6,4,0,1,5,3,6,1,10,1,1,0,2,0,0,0.203703703,15937
2023,"Austin Nola","SDP",1,3,3,0,0,0,0,0,0,0,0,0,0,0,0,0,0,0,0,0,15941
2023,"Clint Frazier","CHW",4,7,7,2,1,1,0,0,3,0,0,0,1,0,0,0,0,0,0,0.285714285,15983
2023,"Willy Adames","MIL",3,12,9,3,2,1,0,0,3,0,3,0,2,0,0,0,0,0,0,0.333333333,15986
2023,"Cody Bellinger","CHC",18,73,68,20,14,3,1,2,13,9,4,1,13,0,1,0,2,1,0,0.294117647,15998
2023,"Austin Slater","SFG",5,11,10,3,2,0,0,1,2,3,1,0,4,0,0,0,0,0,0,0.3,16153
2023,"J.D. Davis","SFG",18,74,66,19,11,4,0,4,11,13,5,0,15,2,1,0,2,0,0,0.287878787,16219
2023,"Trea Turner","PHI",11,48,43,10,6,1,0,3,8,4,5,0,11,0,0,0,1,0,0,0.232558139,16252
2023,"Nick Gordon","MIN",6,17,17,1,1,0,0,0,1,0,0,0,1,0,0,0,0,0,0,0.058823529,16337
2023,"Pablo Reyes","BOS",8,31,27,6,5,1,0,0,4,4,3,0,1,0,1,0,0,1,0,0.222222222,16357
2023,"Oscar Mercado","STL",1,0,0,0,0,0,0,0,0,0,0,0,0,0,0,0,0,0,0,0,16375
2023,"Michael Conforto","SFG",19,72,64,9,4,4,0,1,6,1,6,0,15,2,0,0,2,0,0,0.140625,16376
2023,"Jordan Luplow","2 Tms",3,3,3,1,0,0,0,1,2,2,0,0,0,0,0,0,0,0,0,0.333333333,16424
2023,"Thairo Estrada","SFG",9,36,34,14,9,4,0,1,7,6,1,0,8,1,0,0,1,3,0,0.411764705,16426
2023,"Christian Arroyo","BOS",10,37,34,6,4,2,0,0,4,3,2,0,8,1,0,0,1,1,0,0.176470588,16434
2023,"Ryan O'Hearn","BAL",5,8,7,3,2,1,0,0,1,2,1,1,2,0,0,0,0,1,0,0.428571428,16442
2023,"Forrest Wall","ATL",1,0,0,0,0,0,0,0,1,0,0,0,0,0,0,0,0,1,0,0,16496
2023,"Matt Chapman","TOR",16,64,58,15,7,5,1,2,5,5,5,0,24,1,0,0,0,0,0,0.258620689,16505
2023,"Isiah Kiner-Falefa","NYY",28,98,88,20,16,4,0,0,9,8,9,0,23,1,0,0,2,4,3,0.227272727,16512
2023,"Mauricio Dubon","HOU",5,20,16,6,4,1,0,1,6,3,4,0,1,0,0,0,0,0,0,0.375,16530
2023,"Danny Jansen","TOR",15,51,43,9,5,2,0,2,7,10,3,0,12,5,0,0,0,0,0,0.209302325,16535
2023,"Ozzie Albies","ATL",34,140,123,34,19,5,1,9,21,22,13,2,17,2,2,0,3,2,0,0.276422764,16556
2023,"Connor Joe","PIT",16,55,46,5,1,3,0,1,5,1,9,0,16,0,0,0,0,1,1,0.108695652,16572
2023,"Kevin Padlo","LAA",2,7,7,1,0,1,0,0,1,0,0,0,0,0,0,0,0,0,0,0.142857142,16593
2023,"Luis Urias","MIL",4,15,11,0,0,0,0,0,0,0,2,0,2,2,0,0,1,0,0,0,16622
2023,"Greg Allen","NYY",1,1,1,1,0,0,1,0,1,0,0,0,0,0,0,0,0,1,0,1,16623
2023,"Brian O'Keefe","SEA",1,4,4,0,0,0,0,0,0,0,0,0,2,0,0,0,1,0,0,0,16680
2023,"Jason Vosler","CIN",7,27,26,2,1,1,0,0,0,2,1,0,13,0,0,0,0,0,0,0.076923076,16686
2023,"Jose Trevino","NYY",1,3,3,0,0,0,0,0,0,0,0,0,0,0,0,0,0,0,0,0,16725
2023,"Jonah Heim","TEX",90,363,333,94,54,24,0,16,49,72,27,2,67,1,2,0,8,2,0,0.282282282,16930
2023,"Lane Thomas","WSN",5,18,17,2,0,0,0,2,2,6,1,0,4,0,0,0,0,0,0,0.117647058,16939
2023,"Gleyber Torres","NYY",3,9,7,1,0,0,0,1,2,2,2,0,1,0,0,0,0,1,0,0.142857142,16997
2023,"Edmundo Sosa","PHI",3,13,13,1,1,0,0,0,0,0,0,0,10,0,0,0,1,0,0,0.076923076,17022
2023,"Alex Verdugo","BOS",15,57,52,13,11,2,0,0,6,6,4,0,12,0,1,0,1,0,0,0.25,17027
2023,"Ramon Laureano","2 Tms",26,99,88,21,7,10,0,4,14,11,9,0,33,2,0,0,1,1,0,0.238636363,17128
2023,"Chad Wallach","LAA",6,15,15,1,0,0,0,1,2,2,0,0,5,0,0,0,1,0,0,0.066666666,17161
2023,"Yoan Moncada","CHW",1,4,4,1,1,0,0,0,0,0,0,0,1,0,0,0,1,0,0,0.25,17232
2023,"Jorge Mateo","BAL",5,11,11,3,3,0,0,0,3,0,0,0,2,0,0,0,1,2,0,0.272727272,17273
2023,"Michael Chavis","WSN",9,24,24,4,4,0,0,0,2,1,0,0,10,0,0,0,0,0,0,0.166666666,17321
2023,"Willi Castro","MIN",29,114,103,28,19,5,3,1,16,11,6,1,33,3,1,1,2,10,0,0.27184466,17338
2023,"Jose Siri","TBR",15,54,52,9,4,3,0,2,7,6,2,0,24,0,0,0,2,2,1,0.173076923,17452
2023,"Taylor Ward","LAA",7,24,22,6,3,1,0,2,5,5,1,0,4,0,1,0,1,1,0,0.272727272,17548
2023,"Myles Straw","CLE",3,3,3,0,0,0,0,0,2,0,0,0,1,0,0,0,0,1,1,0,17620
2023,"Kevin Newman","CIN",5,20,19,3,3,0,0,0,1,0,1,0,2,0,0,0,0,0,0,0.157894736,17696
2023,"Matt Beaty","KCR",4,13,11,4,3,1,0,0,1,2,1,0,0,1,0,0,0,0,0,0.363636363,17710
2023,"DJ Stewart","NYM",18,69,62,19,7,3,0,9,9,17,3,0,24,3,0,1,2,0,0,0.306451612,17766
2023,"Willie Calhoun","NYY",11,42,39,8,6,1,0,1,4,3,3,1,7,0,0,0,0,0,0,0.205128205,17838
2023,"Tyler Nevin","DET",10,36,31,9,8,1,0,0,4,1,3,0,8,2,0,0,0,0,0,0.29032258,17893
2023,"Andrew Benintendi","CHW",7,30,27,7,4,3,0,0,5,3,2,1,4,1,0,0,0,0,0,0.259259259,17901
2023,"Brendan Rodgers","COL",5,20,18,6,6,0,0,0,3,1,1,0,2,1,0,0,1,0,0,0.333333333,17907
2023,"Ian Happ","CHC",4,16,14,3,2,1,0,0,2,0,2,0,2,0,0,0,0,1,0,0.214285714,17919
2023,"Cedric Mullins","BAL",22,79,72,24,16,5,0,3,8,17,5,1,19,0,1,1,0,2,1,0.333333333,17929
2023,"Sam Hilliard","ATL",2,5,4,1,0,1,0,0,1,0,1,0,2,0,0,0,0,1,0,0.25,17954
2023,"Ty France","SEA",23,93,82,23,18,4,0,1,5,9,6,0,13,5,0,0,3,0,0,0.280487804,17982
2023,"Tyler Stephenson","CIN",17,69,62,16,12,1,0,3,8,13,6,0,16,0,1,0,2,0,0,0.258064516,17988
2023,"David Fletcher","LAA",1,4,3,0,0,0,0,0,0,0,1,0,2,0,0,0,0,0,0,0,17992
2023,"Paul DeJong","2 Tms",13,54,45,8,6,1,0,1,6,4,6,0,11,2,1,0,0,1,2,0.177777777,18015
2023,"Harrison Bader","2 Tms",21,72,65,15,12,1,0,2,10,10,5,0,8,0,1,1,1,4,0,0.23076923,18030
2023,"Mark Mathias","PIT",1,1,1,0,0,0,0,0,0,0,0,0,0,0,0,0,0,0,0,0,18032
2023,"Jake Cronenworth","SDP",72,295,269,70,43,16,5,6,28,35,20,2,53,4,2,0,4,5,1,0.260223048,18036
2023,"Dylan Moore","SEA",6,19,15,5,3,0,0,2,4,4,4,0,4,0,0,0,0,2,1,0.333333333,18042
2023,"Sam Haggerty","SEA",2,6,6,0,0,0,0,0,0,0,0,0,0,0,0,0,0,0,0,0,18054
2023,"Kyle Garlick","MIN",1,3,3,1,0,0,0,1,1,1,0,0,1,0,0,0,0,0,0,0.333333333,18063
2023,"Garrett Stubbs","PHI",2,3,3,1,0,1,0,0,0,0,0,0,1,0,0,0,0,0,0,0.333333333,18067
2023,"Nathan Lukes","TOR",4,5,5,0,0,0,0,0,1,0,0,0,2,0,0,0,0,0,0,0,18123
2023,"LaMonte Wade Jr.","SFG",8,33,26,9,6,0,1,2,6,5,6,1,2,0,0,1,0,0,0,0.346153846,18126
2023,"Seth Brown","OAK",6,14,13,3,2,0,0,1,2,3,1,1,6,0,0,0,0,0,0,0.23076923,18171
2023,"Brian Anderson","MIL",31,122,108,18,14,3,0,1,8,5,11,0,34,2,1,0,1,0,1,0.166666666,18289
2023,"Dansby Swanson","CHC",13,56,48,10,6,2,0,2,8,6,5,0,15,3,0,0,2,2,0,0.208333333,18314
2023,"Edwin Rios","CHC",4,10,7,1,0,0,0,1,1,2,2,0,4,1,0,0,0,0,0,0.142857142,18316
2023,"Ryan Mountcastle","BAL",6,24,21,3,3,0,0,0,1,1,3,0,9,0,0,0,0,0,0,0.142857142,18373
2023,"Travis Blankenhorn","WSN",1,4,3,0,0,0,0,0,0,0,1,0,0,0,0,0,0,0,0,0,18395
2023,"Juan Yepez","STL",4,15,13,4,3,1,0,0,2,0,1,0,4,1,0,0,0,0,1,0.307692307,18400
2023,"Trent Grisham","SDP",2,8,8,0,0,0,0,0,0,1,0,0,4,0,0,0,0,0,0,0,18564
2023,"Luis Arraez","MIA",1,1,1,1,1,0,0,0,0,1,0,0,0,0,0,0,0,0,0,1,18568
2023,"Ke'Bryan Hayes","PIT",17,69,69,12,8,2,0,2,6,6,0,0,22,0,0,0,2,1,0,0.173913043,18577
2023,"Jared Walsh","LAA",8,26,23,4,2,0,0,2,6,4,2,0,11,1,0,0,0,0,0,0.173913043,18607
2023,"Ramon Urias","BAL",17,64,57,20,14,5,0,1,7,9,3,0,11,3,1,0,2,0,0,0.350877192,18795
2023,"Andy Ibanez","DET",17,63,58,18,13,5,0,0,9,7,5,0,11,0,0,0,1,0,0,0.310344827,18819
2023,"Jose Azocar","SDP",3,0,0,0,0,0,0,0,2,0,0,0,0,0,0,0,0,1,0,0,18821
2023,"Josh Naylor","CLE",2,6,4,2,2,0,0,0,0,0,2,1,1,0,0,0,0,1,0,0.5,18839
2023,"Jahmai Jones","MIL",2,3,3,1,0,1,0,0,1,3,0,0,1,0,0,0,0,0,0,0.333333333,18872
2023,"Brandon Lowe","TBR",10,30,25,6,3,1,0,2,4,5,5,0,9,0,0,0,0,1,0,0.24,18882
2023,"Seby Zavala","2 Tms",3,6,6,0,0,0,0,0,0,0,0,0,3,0,0,0,0,0,0,0,18887
2023,"Leody Taveras","TEX",7,29,27,8,5,2,0,1,5,1,2,0,5,0,0,0,0,1,0,0.296296296,18900
2023,"Yuli Gurriel","MIA",18,65,60,22,16,3,1,2,9,9,4,2,6,0,1,0,1,2,0,0.366666666,19198
2023,"Lourdes Gurriel Jr.","ARI",24,98,89,27,18,4,0,5,15,14,7,0,16,2,0,0,3,1,0,0.303370786,19238
2023,"Cavan Biggio","TOR",9,32,23,8,3,3,0,2,8,9,8,0,6,0,1,0,0,0,0,0.347826086,19252
2023,"Jake Fraley","CIN",5,12,11,1,0,0,0,1,2,3,1,0,3,0,0,0,0,0,0,0.09090909,19260
2023,"Garrett Hampson","MIA",6,18,16,2,2,0,0,0,1,1,2,0,4,0,0,0,0,0,0,0.125,19262
2023,"Stone Garrett","WSN",15,48,43,16,7,6,0,3,11,6,4,0,13,1,0,0,0,0,0,0.372093023,19273
2023,"Adolis Garcia","TEX",3,11,9,1,0,0,0,1,2,1,2,0,5,0,0,0,1,0,0,0.111111111,19287
2023,"Nick Senzel","CIN",20,79,71,12,8,2,0,2,9,9,7,0,17,1,0,0,4,2,1,0.169014084,19293
2023,"Alex Call","WSN",8,25,20,4,2,2,0,0,0,3,4,0,6,0,1,0,0,0,0,0.2,19296
2023,"Matt Thaiss","LAA",21,82,74,11,8,0,0,3,6,6,6,0,28,1,1,0,0,1,0,0.148648648,19318
2023,"Nicky Lopez","KCR",5,12,11,0,0,0,0,0,0,0,1,0,5,0,0,0,0,0,0,0,19339
2023,"Sean Murphy","ATL",5,22,19,6,2,4,0,0,4,2,3,0,3,0,0,0,0,0,0,0.315789473,19352
2023,"Luke Raley","TBR",19,71,64,15,7,5,1,2,8,7,3,0,20,4,0,0,0,0,2,0.234375,19354
2023,"Weston Wilson","PHI",1,4,4,0,0,0,0,0,0,0,0,0,3,0,0,0,0,0,0,0,19358
2023,"Austin Hays","BAL",31,116,108,28,19,7,0,2,8,11,7,0,29,1,0,0,1,1,0,0.259259259,19363
2023,"Zach McKinstry","DET",14,38,35,8,5,1,0,2,6,3,3,0,10,0,0,0,1,0,0,0.228571428,19392
2023,"Yonny Hernandez","LAD",1,1,1,0,0,0,0,0,0,0,0,0,1,0,0,0,0,0,0,0,19432
2023,"Jake Rogers","DET",5,14,13,1,0,1,0,0,3,0,1,0,4,0,0,0,1,0,0,0.076923076,19452
2023,"Andruw Monasterio","MIL",25,100,91,15,13,1,0,1,5,8,7,0,19,1,1,0,5,2,0,0.164835164,19455
2023,"Tommy Edman","STL",2,8,8,3,2,1,0,0,2,1,0,0,0,0,0,0,0,0,0,0.375,19470
2023,"Kyle Lewis","ARI",1,4,4,2,2,0,0,0,0,0,0,0,0,0,0,0,0,0,0,0.5,19508
2023,"Andrew Knizner","STL",5,20,19,3,2,1,0,0,1,0,0,0,7,1,0,0,3,0,0,0.157894736,19514
2023,"TJ Friedl","CIN",4,13,11,6,5,0,1,0,1,0,1,0,2,1,0,0,0,3,0,0.545454545,19522
2023,"Zack Short","DET",9,22,19,6,4,1,0,1,3,7,2,0,5,0,1,0,1,0,0,0.315789473,19562
2023,"Nathaniel Lowe","TEX",2,8,7,2,1,0,0,1,2,3,1,0,3,0,0,0,0,0,0,0.285714285,19566
2023,"Chas McCormick","HOU",33,140,120,24,16,4,0,4,9,16,15,0,30,4,1,0,0,9,2,0.2,19599
2023,"Bryan De La Cruz","MIA",18,70,65,16,9,5,0,2,5,6,4,0,16,1,0,0,1,1,0,0.246153846,19600
2023,"Keibert Ruiz","WSN",26,105,101,19,15,3,0,1,5,8,4,0,7,0,0,0,2,0,0,0.188118811,19610
2023,"Brent Rooker","OAK",4,10,8,2,2,0,0,0,0,0,2,0,2,0,0,0,0,0,0,0.25,19627
2023,"Mike Brosseau","MIL",2,3,2,0,0,0,0,0,0,0,1,0,0,0,0,0,0,0,0,0,19683
2023,"Edward Olivares","KCR",25,97,94,27,17,5,2,3,12,6,3,0,18,0,0,0,3,4,1,0.287234042,19698
2023,"Darick Hall","PHI",1,4,4,1,1,0,0,0,0,0,0,0,0,0,0,0,0,0,0,0.25,19717
2023,"Josh Rojas","ARI",11,43,36,6,6,0,0,0,3,5,4,0,12,0,1,1,0,1,0,0.166666666,19734
2023,"Dairon Blanco","KCR",3,2,2,0,0,0,0,0,2,0,0,0,0,0,0,0,0,3,0,0,19779
2023,"Zach Remillard","CHW",3,2,2,1,1,0,0,0,0,0,0,0,1,0,0,0,0,0,1,0.5,19788
2023,"Joshua Palacios","PIT",15,57,55,15,8,4,1,2,7,9,2,0,17,0,0,0,1,1,0,0.272727272,19818
2023,"Cody Thomas","OAK",3,7,7,0,0,0,0,0,0,0,0,0,5,0,0,0,0,0,0,0,19828
2023,"Abraham Toro","MIL",4,14,14,7,5,0,0,2,3,7,0,0,4,0,0,0,0,0,0,0.5,19844
2023,"Luis Rengifo","LAA",9,28,25,3,3,0,0,0,3,3,2,0,6,1,0,0,0,1,0,0.12,19858
2023,"Riley Adams","WSN",4,16,13,4,2,2,0,0,1,2,3,0,2,0,0,0,1,0,0,0.307692307,19864
2023,"Drew Ellis","PHI",2,3,3,1,1,0,0,0,0,0,0,0,1,0,0,0,0,0,0,0.333333333,19873
2023,"Adam Haseley","CHW",2,2,2,0,0,0,0,0,0,0,0,0,0,0,0,0,1,0,0,0,19878
2023,"Emmanuel Rivera","ARI",23,79,73,14,10,2,0,2,7,7,4,0,21,0,2,0,1,0,0,0.191780821,19890
2023,"Pavin Smith","ARI",26,96,82,18,14,0,0,4,11,14,14,0,24,0,0,0,1,0,0,0.219512195,19892
2023,"Connor Wong","BOS",2,6,6,0,0,0,0,0,0,0,0,0,6,0,0,0,0,0,0,0,19896
2023,"Gavin Sheets","CHW",35,115,103,22,14,3,0,5,9,15,11,0,19,0,1,0,2,1,0,0.213592233,19901
2023,"Jesus Sanchez","MIA",31,110,99,22,12,3,2,5,12,14,10,0,35,1,0,0,4,2,0,0.222222222,19913
2023,"Daulton Varsho","TOR",24,98,90,21,11,8,0,2,10,8,8,0,27,0,0,0,0,3,2,0.233333333,19918
2023,"Blake Perkins","MIL",7,21,18,1,0,0,0,1,2,1,3,0,7,0,0,0,1,2,0,0.055555555,19921
2023,"Ryan McKenna","BAL",5,12,10,2,1,1,0,0,1,0,2,0,4,0,0,0,0,0,0,0.2,19928
2023,"Luke Williams","ATL",1,1,1,0,0,0,0,0,0,0,0,0,0,0,0,0,0,0,0,0,19931
2023,"Cristian Pache","PHI",1,2,2,0,0,0,0,0,0,0,0,0,2,0,0,0,0,0,0,0,19948
2023,"Andres Gimenez","CLE",54,214,194,41,30,7,1,3,15,21,8,0,46,9,2,1,6,4,3,0.211340206,19950
2023,"Josh Lowe","TBR",31,123,114,32,18,7,0,7,16,27,8,1,32,0,1,0,0,7,0,0.280701754,19953
2023,"Mickey Moniak","LAA",20,71,69,18,12,2,1,3,5,9,2,1,28,0,0,0,1,2,1,0.260869565,19956
2023,"Blake Rutherford","WSN",1,4,4,0,0,0,0,0,0,0,0,0,2,0,0,0,1,0,0,0,19957
2023,"Carter Kieboom","WSN",8,29,27,6,4,0,0,2,5,7,2,0,10,0,0,0,1,0,0,0.222222222,19958
2023,"Taylor Trammell","SEA",1,5,4,1,0,0,0,1,1,4,1,0,2,0,0,0,0,0,1,0.25,19960
2023,"Bobby Dalbec","BOS",2,5,5,0,0,0,0,0,0,0,0,0,3,0,0,0,0,0,0,0,19966
2023,"Conner Capel","OAK",4,6,5,3,3,0,0,0,1,0,1,0,1,0,0,0,0,2,1,0.6,19983
2023,"Santiago Espinal","TOR",6,17,16,5,5,0,0,0,4,0,1,0,2,0,0,0,0,0,0,0.3125,19997
2023,"Miles Mastrobuoni","CHC",1,2,2,1,1,0,0,0,0,0,0,0,0,0,0,0,0,0,0,0.5,20017
2023,"Isaac Paredes","TBR",29,113,98,30,18,4,0,8,17,18,10,0,25,5,0,0,1,0,0,0.306122448,20036
2023,"Luis Robert Jr.","CHW",2,5,5,3,2,0,0,1,1,2,0,0,0,0,0,0,0,0,0,0.6,20043
2023,"Bligh Madris","HOU",3,11,11,2,2,0,0,0,1,0,0,0,3,0,0,0,0,0,0,0.181818181,20054
2023,"Alan Trejo","COL",10,33,33,7,4,2,0,1,4,2,0,0,9,0,0,0,0,0,0,0.212121212,20056
2023,"Dylan Carlson","STL",17,60,53,11,6,3,0,2,7,7,4,0,12,2,1,0,1,1,0,0.207547169,20126
2023,"Matthew Batten","SDP",1,3,3,1,1,0,0,0,0,0,0,0,1,0,0,0,0,0,1,0.333333333,20157
2023,"Miguel Vargas","LAD",24,97,84,14,9,3,1,1,10,6,10,1,17,0,2,0,1,0,1,0.166666666,20178
2023,"Brandon Marsh","PHI",11,42,36,11,6,3,1,1,4,7,5,0,12,0,1,0,0,2,0,0.305555555,20202
2023,"Jo Adell","LAA",7,27,26,3,0,2,0,1,1,1,1,0,11,0,0,0,0,0,0,0.115384615,20220
2023,"Kevin Smith","OAK",7,25,25,6,4,1,0,1,3,4,0,0,11,0,0,0,0,0,0,0.24,20242
2023,"Corey Julks","HOU",12,50,47,14,10,4,0,0,6,4,3,0,9,0,0,0,1,2,0,0.29787234,20311
2023,"Stuart Fairchild","CIN",13,36,32,9,5,3,1,0,5,3,3,0,12,1,0,0,0,2,0,0.28125,20321
2023,"Alex Kirilloff","MIN",7,25,24,3,2,0,0,1,1,1,1,0,7,0,0,0,0,0,0,0.125,20325
2023,"Ernie Clement","TOR",1,3,3,1,1,0,0,0,1,0,0,0,0,0,0,0,0,0,0,0.333333333,20352
2023,"Luis Garcia Jr.","WSN",15,52,50,16,9,5,0,2,12,4,2,0,5,0,0,0,0,1,0,0.32,20391
2023,"Jared Young","CHC",2,2,2,1,0,0,1,0,1,1,0,0,0,0,0,0,0,0,0,0.5,20404
2023,"Royce Lewis","MIN",14,55,53,15,10,2,0,3,6,7,1,0,14,1,0,0,0,1,0,0.283018867,20437
2023,"Jazz Chisholm Jr.","MIA",9,32,30,4,3,0,0,1,1,3,2,0,7,0,0,0,0,3,0,0.133333333,20454
2023,"Drew Waters","KCR",6,23,22,5,2,2,0,1,1,4,1,0,8,0,0,0,0,0,1,0.227272727,20505
2023,"Nick Madrigal","CHC",1,1,1,0,0,0,0,0,0,0,0,0,1,0,0,0,0,0,0,0,20521
2023,"Nolan Jones","COL",28,108,96,23,13,5,0,5,12,11,12,1,36,0,0,0,1,4,1,0.239583333,20529
2023,"Vidal Brujan","TBR",1,5,3,1,1,0,0,0,1,0,1,0,1,1,0,0,0,0,0,0.333333333,20536
2023,"Jose Miranda","MIN",11,41,38,7,4,2,0,1,4,3,3,0,6,0,0,0,3,0,0,0.184210526,20538
2023,"Elehuris Montero","COL",22,78,72,16,9,4,1,2,10,9,5,0,37,0,1,0,1,0,0,0.222222222,20543
2023,"Kody Clemens","PHI",1,5,4,1,1,0,0,0,1,0,1,0,1,0,0,0,0,0,0,0.25,20572
2023,"Ivan Herrera","STL",4,16,13,3,3,0,0,0,0,0,3,0,5,0,0,0,1,0,0,0.23076923,20599
2023,"Carlos Perez","CHW",4,8,8,0,0,0,0,0,0,0,0,0,2,0,0,0,1,0,0,0,20805
2023,"Oscar Gonzalez","CLE",11,35,34,6,6,0,0,0,2,0,1,0,11,0,0,0,0,0,0,0.176470588,20970
2023,"Trey Cabbage","LAA",1,4,3,1,1,0,0,0,1,0,1,0,1,0,0,0,0,1,0,0.333333333,21078
2023,"Sean Bouchard","COL",3,12,12,4,0,2,0,2,4,2,0,0,5,0,0,0,0,0,0,0.333333333,21270
2023,"Lars Nootbaar","STL",1,4,3,0,0,0,0,0,1,1,1,0,1,0,0,0,0,0,0,0,21454
2023,"Luken Baker","STL",12,40,34,7,5,1,0,1,4,6,6,0,11,0,0,0,0,0,0,0.205882352,21497
2023,"Trevor Larnach","MIN",9,31,29,6,1,3,0,2,5,9,2,1,7,0,0,0,0,0,0,0.206896551,21501
2023,"Jonathan India","CIN",2,6,5,1,1,0,0,0,0,0,1,0,1,0,0,0,0,0,0,0.2,21523
2023,"Cal Raleigh","SEA",27,95,84,16,7,3,0,6,14,11,10,0,23,1,0,0,1,0,0,0.19047619,21534
2023,"Nick Fortes","MIA",4,15,13,5,4,0,0,1,3,3,1,0,2,0,1,0,0,0,0,0.384615384,21538
2023,"Matt Vierling","DET",9,31,28,8,5,1,2,0,1,1,3,0,6,0,0,0,0,0,0,0.285714285,21558
2023,"Alfonso Rivas III","PIT",2,5,4,2,1,0,0,1,1,1,1,0,2,0,0,0,0,0,0,0.5,21560
2023,"Romy Gonzalez","CHW",1,1,0,0,0,0,0,0,0,0,0,0,0,0,0,1,0,1,0,0,21562
2023,"Kyle Isbel","KCR",12,44,41,10,8,1,0,1,7,2,3,0,8,0,0,0,1,1,0,0.243902439,21614
2023,"Alec Bohm","PHI",29,120,108,25,16,6,0,3,15,15,10,0,16,1,1,0,3,0,0,0.231481481,21618
2023,"Jake McCarthy","ARI",21,77,72,13,9,1,2,1,12,3,3,0,15,2,0,0,2,4,1,0.180555555,21622
2023,"Nick Maton","DET",9,33,28,5,4,0,0,1,3,1,5,0,10,0,0,0,1,0,1,0.178571428,21635
2023,"Jeremy Pena","HOU",37,153,144,34,24,7,0,3,13,15,3,0,38,4,1,0,1,5,4,0.236111111,21636
2023,"Miguel Amaya","CHC",4,10,8,1,1,0,0,0,1,0,1,0,3,1,0,0,0,0,0,0.125,21693
2023,"Oswaldo Cabrera","NYY",23,75,71,15,10,4,0,1,8,8,2,0,17,0,1,1,1,1,0,0.211267605,21707
2023,"Oneil Cruz","PIT",1,4,4,2,2,0,0,0,0,1,0,0,1,0,0,0,0,0,0,0.5,21711
2023,"Esteury Ruiz","OAK",1,1,1,1,1,0,0,0,0,0,0,0,0,0,0,0,0,0,0,1,21780
2023,"Jonathan Aranda","TBR",5,14,14,2,2,0,0,0,1,0,0,0,5,0,0,0,0,0,0,0.142857142,21837
2023,"Freddy Fermin","KCR",17,67,60,19,14,2,0,3,9,8,5,0,9,0,2,0,6,0,0,0.316666666,21840
2023,"Will Benson","CIN",6,19,17,6,5,1,0,0,4,0,1,0,3,1,0,0,0,1,1,0.352941176,21853
2023,"Christopher Morel","CHC",21,82,75,14,11,1,0,2,6,9,6,0,31,1,0,0,1,2,0,0.186666666,21897
2023,"Rodolfo Castro","2 Tms",24,80,71,19,11,3,0,5,10,15,8,0,18,1,0,0,2,0,1,0.267605633,21987
2023,"Nick Pratto","KCR",17,58,50,15,11,3,0,1,4,8,6,0,21,2,0,0,1,1,0,0.3,22117
2023,"Akil Baddoo","DET",22,78,68,19,14,3,0,2,10,9,10,1,16,0,0,0,0,4,1,0.279411764,22168
2023,"Mark Vientos","NYM",7,26,25,7,5,1,0,1,1,3,0,0,6,0,1,0,1,0,0,0.28,22184
2023,"Brice Turang","MIL",3,10,7,2,1,1,0,0,0,2,3,1,1,0,0,0,0,0,0,0.285714285,22186
2023,"MJ Melendez","KCR",9,34,30,7,3,2,2,0,5,4,3,0,11,1,0,0,0,0,0,0.233333333,22197
2023,"Sam Huff","TEX",4,9,9,3,2,0,0,1,1,1,0,0,4,0,0,0,0,0,0,0.333333333,22209
2023,"Luis Campusano","SDP",9,37,34,10,7,2,0,1,6,8,3,0,4,0,0,0,3,0,0,0.294117647,22217
2023,"Jack Suwinski","PIT",24,79,66,12,6,3,1,2,8,5,13,0,37,0,0,0,0,3,0,0.181818181,22244
2023,"Bubba Thompson","TEX",4,2,2,1,0,1,0,0,2,0,0,0,0,0,0,0,0,0,0,0.5,22261
2023,"Nolan Gorman","STL",21,85,74,22,11,5,0,6,11,17,11,0,22,0,0,0,1,1,0,0.297297297,22263
2023,"Samad Taylor","KCR",1,0,0,0,0,0,0,0,1,0,0,0,0,0,0,0,0,0,0,0,22274
2023,"Jake Burger","2 Tms",36,140,126,22,10,6,0,6,13,15,8,0,42,4,2,0,2,0,0,0.174603174,22275
2023,"Nick Allen","OAK",2,2,2,1,1,0,0,0,1,0,0,0,0,0,0,0,0,0,0,0.5,22277
2023,"Taylor Walls","TBR",26,96,89,22,12,2,2,6,14,15,6,0,32,1,0,0,0,12,0,0.247191011,22458
2023,"Buddy Kennedy","ARI",4,12,9,2,2,0,0,0,1,1,2,0,2,1,0,0,0,0,0,0.222222222,22505
2023,"Triston Casas","BOS",59,239,205,52,30,12,1,9,30,28,32,1,63,1,1,0,6,0,0,0.253658536,22514
2023,"Heliot Ramos","SFG",1,3,3,0,0,0,0,0,0,0,0,0,1,0,0,0,0,0,0,0,22515
2023,"Tyler Freeman","CLE",20,71,66,17,14,2,0,1,4,8,3,0,13,1,1,0,2,1,0,0.257575757,22532
2023,"Lawrence Butler","OAK",10,35,32,6,6,0,0,0,2,1,2,0,8,0,1,0,2,0,0,0.1875,22542
2023,"Michael Siani","STL",1,0,0,0,0,0,0,0,0,0,0,0,0,0,0,0,0,1,0,0,22557
2023,"Jarred Kelenic","SEA",23,94,80,31,17,8,0,6,9,17,13,1,18,0,1,0,2,2,1,0.3875,22558
2023,"Gabriel Arias","CLE",31,119,103,21,11,4,0,6,13,10,15,0,36,0,1,0,3,1,1,0.203883495,22563
2023,"Alejandro Kirk","TOR",38,138,123,22,17,3,0,2,10,8,13,0,14,2,0,0,3,0,0,0.178861788,22581
2023,"Jordan Diaz","OAK",27,89,80,16,9,5,0,2,7,8,8,0,24,0,1,0,2,0,0,0.2,22650
2023,"Gabriel Moreno","ARI",7,27,24,7,6,0,0,1,3,2,2,0,4,1,0,0,1,2,0,0.291666666,22664
2023,"Maikel Garcia","KCR",11,42,38,9,5,2,0,2,6,10,3,0,11,0,1,0,0,3,0,0.236842105,22715
2023,"Geraldo Perdomo","ARI",2,5,5,1,1,0,0,0,0,0,0,0,1,0,0,0,0,0,0,0.2,22799
2023,"Oswald Peraza","NYY",8,26,21,3,3,0,0,0,3,2,2,0,3,3,0,0,0,0,1,0.142857142,22823
2023,"Tucupita Marcano","PIT",11,35,31,9,6,1,1,1,5,7,3,0,5,0,0,1,0,1,1,0.29032258,22871
2023,"Lenyn Sosa","CHW",2,8,6,2,1,1,0,0,1,0,2,1,3,0,0,0,1,0,0,0.333333333,22896
2023,"Yainer Diaz","HOU",20,82,76,13,6,3,0,4,6,8,2,0,22,2,2,0,2,0,0,0.171052631,23003
2023,"Canaan Smith-Njigba","PIT",4,13,11,2,0,1,1,0,1,3,1,0,4,0,1,0,0,0,0,0.181818181,23264
2023,"Ryan Noda","OAK",7,19,13,3,1,2,0,0,1,2,6,0,4,0,0,0,0,1,0,0.23076923,23312
2023,"Nelson Velazquez","2 Tms",12,44,42,10,4,1,0,5,9,9,2,0,16,0,0,0,1,0,0,0.238095238,23359
2023,"Jose Caballero","SEA",4,2,1,0,0,0,0,0,1,0,1,0,0,0,0,0,0,3,0,0,23401
2023,"Davis Schneider","TOR",1,4,2,0,0,0,0,0,0,0,2,0,1,0,0,0,1,0,0,0,23565
2023,"Brayan Rocchio","CLE",8,30,28,6,5,1,0,0,3,3,2,0,11,0,0,0,2,0,0,0.214285714,23690
2023,"Jose Tena","CLE",1,2,2,0,0,0,0,0,0,0,0,0,1,0,0,0,0,0,0,0,23691
2023,"Julio Rodriguez","SEA",1,4,4,1,1,0,0,0,1,0,0,0,1,0,0,0,0,0,0,0.25,23697
2023,"Ronny Mauricio","NYM",6,24,22,4,2,1,0,1,3,4,2,0,10,0,0,0,0,2,0,0.181818181,23698
2023,"Ezequiel Duran","TEX",10,42,40,13,8,4,0,1,6,5,2,0,9,0,0,0,0,2,0,0.325,23733
2023,"Wilyer Abreu","BOS",9,30,25,7,4,2,0,1,2,5,5,0,7,0,0,0,0,0,0,0.28,23772
2023,"Jordyn Adams","LAA",1,1,1,0,0,0,0,0,0,0,0,0,1,0,0,0,0,0,0,0,23788
2023,"Alek Thomas","ARI",6,27,22,8,6,2,0,0,7,2,4,1,2,0,0,1,0,1,0,0.363636363,23792
2023,"Parker Meadows","DET",5,21,17,3,2,1,0,0,1,1,4,0,8,0,0,0,0,1,0,0.176470588,23800
2023,"Ji Hwan Bae","PIT",5,18,18,3,3,0,0,0,0,2,0,0,3,0,0,0,0,2,0,0.166666666,23818
2023,"Osleivis Basabe","TBR",4,19,16,5,2,2,0,1,4,6,3,0,5,0,0,0,0,0,0,0.3125,23985
2023,"Curtis Mead","TBR",8,33,30,9,7,1,0,1,4,1,1,0,7,2,0,0,0,0,0,0.3,23986
2023,"Ezequiel Tovar","COL",4,17,15,7,6,1,0,0,1,4,2,0,3,0,0,0,0,0,0,0.466666666,24064
2023,"Ceddanne Rafaela","BOS",1,1,1,0,0,0,0,0,0,0,0,0,1,0,0,0,0,0,0,0,24262
2023,"Liover Peguero","PIT",10,41,36,9,5,1,1,2,5,3,5,0,16,0,0,0,1,1,1,0.25,24273
2023,"Jose Rodriguez","CHW",1,0,0,0,0,0,0,0,1,0,0,0,0,0,0,0,0,0,0,0,24388
2023,"Terrin Vavra","BAL",4,9,8,1,1,0,0,0,1,0,1,0,3,0,0,0,0,0,0,0.125,24400
2023,"J.P. Martinez","TEX",8,26,24,6,4,1,0,1,2,2,1,0,9,0,1,0,0,0,0,0.25,24451
2023,"Richie Palacios","STL",4,10,9,0,0,0,0,0,1,0,1,0,1,0,0,0,0,1,0,0,24589
2023,"Jonathan Ornelas","TEX",1,1,1,0,0,0,0,0,0,0,0,0,0,0,0,0,0,0,0,0,24597
2023,"Jarren Duran","BOS",8,29,24,10,5,5,0,0,3,3,3,0,5,1,0,0,0,5,0,0.416666666,24617
2023,"Ryan Jeffers","MIN",20,82,73,13,6,5,0,2,6,9,5,0,30,1,1,2,0,0,0,0.178082191,24618
2023,"Owen Miller","MIL",10,32,30,8,6,1,0,1,5,2,2,0,4,0,0,0,0,2,0,0.266666666,24655
2023,"Brendan Donovan","STL",12,46,37,8,5,0,0,3,7,6,8,1,5,1,0,0,0,1,0,0.216216216,24679
2023,"Jonah Bride","OAK",7,24,17,4,4,0,0,0,3,3,5,0,4,1,1,0,0,0,0,0.235294117,24703
2023,"Logan O'Hoppe","LAA",5,21,18,5,2,1,0,2,3,2,2,0,4,1,0,0,1,0,0,0.277777777,24729
2023,"James Outman","LAD",26,106,94,26,13,4,2,7,18,24,9,0,34,2,1,0,0,1,1,0.276595744,24770
2023,"David Villar","SFG",8,31,30,6,3,0,0,3,5,7,1,0,8,0,0,0,1,0,0,0.2,24782
2023,"David Fry","CLE",8,30,26,9,5,2,0,2,4,7,3,0,8,1,0,0,0,1,0,0.346153846,24934
2023,"Vinny Capra","PIT",3,8,6,1,0,1,0,0,1,1,1,0,2,0,0,1,0,0,0,0.166666666,25040
2023,"Nate Eaton","KCR",1,0,0,0,0,0,0,0,1,0,0,0,0,0,0,0,0,0,0,0,25055
2023,"David Hensley","HOU",5,17,15,2,1,1,0,0,4,0,2,0,7,0,0,0,0,0,0,0.133333333,25111
2023,"Endy Rodriguez","PIT",20,81,75,21,14,5,2,0,11,6,6,0,18,0,0,0,0,0,0,0.28,25332
2023,"Michael Stefanic","LAA",2,7,6,0,0,0,0,0,1,0,1,0,2,0,0,0,0,0,0,0,25353
2023,"Brenton Doyle","COL",1,4,4,2,1,1,0,0,0,1,0,0,2,0,0,0,0,0,0,0.5,25479
2023,"TJ Hopkins","CIN",3,0,0,0,0,0,0,0,3,0,0,0,0,0,0,0,0,0,0,0,25482
2023,"Joey Ortiz","BAL",1,1,1,0,0,0,0,0,0,0,0,0,0,0,0,0,0,0,0,0,25493
2023,"Cade Marlowe","SEA",4,17,15,0,0,0,0,0,0,0,2,0,6,0,0,0,0,0,0,0,25505
2023,"Jake Alu","WSN",10,40,37,9,8,1,0,0,3,3,3,0,8,0,0,0,0,2,1,0.243243243,25569
2023,"Marco Luciano","SFG",1,3,3,1,0,1,0,0,0,0,0,0,2,0,0,0,0,0,0,0.333333333,25616
2023,"Will Brennan","CLE",24,84,80,19,16,3,0,0,3,4,2,0,10,1,1,0,3,2,1,0.2375,25660
2023,"Bobby Witt Jr.","KCR",1,4,4,0,0,0,0,0,0,0,0,0,0,0,0,0,0,0,0,0,25764
2023,"CJ Abrams","WSN",1,5,5,0,0,0,0,0,0,0,0,0,1,0,0,0,0,0,0,0,25768
2023,"Blake Sabol","SFG",11,43,40,11,6,3,0,2,4,8,2,0,10,0,1,0,1,0,2,0.275,25805
2023,"Jared Triolo","PIT",14,60,55,14,13,0,0,1,7,7,4,0,17,0,1,0,0,1,0,0.254545454,25807
2023,"Grae Kessinger","HOU",2,2,2,0,0,0,0,0,0,0,0,0,0,0,0,0,0,0,0,0,25813
2023,"Shea Langeliers","OAK",22,80,70,14,7,2,1,4,10,8,9,0,20,0,1,0,2,1,0,0.2,25816
2023,"Andre Lipcius","DET",7,22,19,6,5,0,0,1,2,3,3,0,5,0,0,0,0,0,0,0.315789473,25822
2023,"Michael Toglia","COL",8,32,29,3,2,0,0,1,3,2,2,0,13,1,0,0,0,0,1,0.103448275,25845
2023,"Corbin Carroll","ARI",16,54,47,17,10,3,1,3,10,6,6,1,5,1,0,0,1,3,1,0.361702127,25878
2023,"Michael Harris II","ATL",6,26,25,9,5,4,0,0,2,4,0,0,3,1,0,0,0,0,0,0.36,25931
2023,"Kerry Carpenter","DET",4,17,15,4,2,0,0,2,3,2,2,0,3,0,0,0,0,1,0,0.266666666,25961
2023,"Vaughn Grissom","ATL",8,33,30,9,9,0,0,0,2,1,1,0,7,1,1,0,0,0,1,0.3,26031
2023,"Francisco Alvarez","NYM",17,66,57,11,5,3,0,3,7,11,8,0,19,1,0,0,2,1,0,0.192982456,26121
2023,"Brett Baty","NYM",13,51,47,6,4,1,0,1,3,4,4,0,11,0,0,0,2,0,0,0.127659574,26123
2023,"Dominic Fletcher","ARI",8,35,32,13,10,1,1,1,4,9,1,0,7,0,0,2,0,0,0,0.40625,26149
2023,"Kyle Stowers","BAL",2,5,3,0,0,0,0,0,0,0,2,0,2,0,0,0,1,0,0,0,26151
2023,"Andrew Vaughn","CHW",39,151,138,36,24,7,0,5,12,18,10,0,23,3,0,0,2,0,0,0.260869565,26197
2023,"Adley Rutschman","BAL",1,1,1,0,0,0,0,0,0,0,0,0,0,0,0,0,0,0,0,0,26288
2023,"Gunnar Henderson","BAL",15,55,49,10,6,0,2,2,7,7,6,0,15,0,0,0,2,1,0,0.204081632,26289
2023,"Bryson Stott","PHI",35,139,129,46,32,10,2,2,20,12,7,0,22,1,2,0,2,6,1,0.356589147,26294
2023,"Josh Jung","TEX",3,12,10,1,1,0,0,0,1,0,1,0,5,1,0,0,0,0,0,0.1,26299
2023,"Michael Busch","LAD",2,5,5,0,0,0,0,0,0,0,0,0,3,0,0,0,0,0,0,0,26319
2023,"Spencer Steer","CIN",6,26,22,8,6,1,0,1,6,3,3,0,1,0,1,0,0,0,0,0.363636363,26323
2023,"Jonny DeLuca","LAD",3,7,7,0,0,0,0,0,0,0,0,0,2,0,0,0,0,0,0,0,26365
2023,"JJ Bleday","OAK",8,31,26,6,4,2,0,0,3,1,5,0,4,0,0,0,0,0,0,0.23076923,26368
2023,"Josh Smith","TEX",3,9,9,4,4,0,0,0,3,1,0,0,2,0,0,0,0,0,0,0.444444444,26396
2023,"Dominic Canzone","2 Tms",17,58,56,14,7,4,0,3,9,6,2,0,12,0,0,0,1,0,0,0.25,26438
2023,"Matt Wallner","MIN",20,71,58,16,6,5,1,4,15,13,10,0,21,3,0,0,0,0,0,0.275862068,26466
2023,"Luis Matos","SFG",15,59,52,14,11,3,0,0,9,4,5,0,7,1,0,1,0,1,0,0.269230769,26467
2023,"Spencer Horwitz","TOR",1,4,4,0,0,0,0,0,0,0,0,0,0,0,0,0,0,0,0,0,26477
2023,"Noelvi Marte","CIN",6,27,26,11,9,1,0,1,4,4,1,0,5,0,0,0,0,0,1,0.423076923,26517
2023,"Spencer Torkelson","DET",11,45,39,8,5,2,0,1,2,4,3,1,8,0,3,0,0,1,0,0.205128205,27465
2023,"Tyler Soderstrom","OAK",9,34,33,6,6,0,0,0,2,1,1,0,9,0,0,0,3,0,0,0.181818181,27467
2023,"Jordan Walker","STL",27,105,93,26,14,7,0,5,13,9,10,0,23,2,0,0,0,2,1,0.279569892,27475
2023,"Patrick Bailey","SFG",19,75,70,18,11,5,0,2,11,11,4,0,22,1,0,0,3,0,0,0.257142857,27478
2023,"Nick Gonzales","PIT",10,41,38,11,7,3,0,1,5,7,1,0,11,1,1,0,0,0,1,0.289473684,27490
2023,"Ha-Seong Kim","SDP",13,54,43,11,8,2,0,1,6,3,10,1,11,0,0,1,0,2,1,0.255813953,27506
2023,"Edouard Julien","MIN",3,11,8,2,2,0,0,0,0,1,3,0,4,0,0,0,0,0,0,0.25,27534
2023,"Garrett Mitchell","MIL",8,32,30,8,4,1,1,2,5,5,2,0,14,0,0,0,0,0,0,0.266666666,27555
2023,"Austin Wells","NYY",3,12,10,1,0,1,0,0,1,2,1,0,5,0,1,0,0,0,0,0.1,27562
2023,"Casey Schmitt","SFG",10,33,33,9,6,2,0,1,5,7,0,0,11,0,0,0,0,1,0,0.272727272,27577
2023,"Alec Burleson","STL",29,98,89,19,11,6,0,2,7,8,7,0,11,0,0,1,3,1,0,0.213483146,27615
2023,"Nick Loftin","KCR",5,18,16,6,6,0,0,0,3,3,0,0,2,1,1,0,0,2,0,0.375,27630
2023,"Anthony Volpe","NYY",23,99,92,16,11,3,0,2,9,7,6,0,32,0,0,1,1,1,0,0.173913043,27647
2023,"Vinnie Pasquantino","KCR",2,5,5,1,0,1,0,0,0,0,0,0,2,0,0,0,0,0,0,0.2,27676
2023,"Michael Massey","KCR",33,122,114,26,20,3,0,3,10,8,5,0,31,2,1,0,0,3,0,0.228070175,27684
2023,"Joey Wiemer","MIL",4,11,10,2,2,0,0,0,0,0,1,0,4,0,0,0,0,0,1,0.2,27690
2023,"Jordan Westburg","BAL",8,30,29,9,5,4,0,0,3,2,1,0,6,0,0,0,0,0,0,0.310344827,27815
2023,"Matt Mervis","CHC",6,21,19,3,2,0,0,1,3,2,1,0,8,1,0,0,0,0,0,0.157894736,27845
2023,"Junior Caminero","TBR",1,4,4,1,1,0,0,0,0,2,0,0,0,0,0,0,1,0,0,0.25,28163
2023,"Colton Cowser","BAL",5,18,14,2,1,1,0,0,5,1,3,0,3,1,0,0,0,0,0,0.142857142,29591
2023,"Henry Davis","PIT",4,17,16,1,0,1,0,0,1,0,0,0,6,1,0,0,0,0,0,0.0625,29617
2023,"Sal Frelick","MIL",3,9,7,5,3,1,1,0,2,2,1,0,0,0,1,0,0,0,0,0.714285714,29622
2023,"Hunter Goodman","COL",8,31,28,7,4,1,2,0,3,6,2,0,10,0,1,0,0,0,0,0.25,29715
2023,"Zack Gelof","OAK",2,8,8,2,0,2,0,0,0,1,0,0,2,0,0,0,0,0,0,0.25,29766
2023,"Jordan Lawlar","ARI",1,1,1,0,0,0,0,0,0,0,0,0,0,0,0,0,0,0,0,0,29976
2023,"Christian Encarnacion-Strand","CIN",24,97,89,22,18,1,0,3,6,11,6,0,33,2,0,0,3,1,0,0.247191011,30011
2023,"Seiya Suzuki","CHC",25,103,94,34,19,5,2,8,17,21,9,2,21,0,0,0,1,1,1,0.361702127,30116
2023,"Oscar Colas","CHW",4,16,14,5,4,1,0,0,2,0,1,0,5,0,0,1,0,0,1,0.357142857,30162
2023,"Heston Kjerstad","BAL",4,13,12,2,1,0,0,1,1,1,1,0,3,0,0,0,0,0,0,0.166666666,31166
2023,"Wade Meckler","SFG",1,1,0,0,0,0,0,0,0,0,1,0,0,0,0,0,0,0,0,0,31490
2023,"Masataka Yoshida","BOS",16,58,54,13,9,1,0,3,4,10,2,0,14,2,0,0,1,0,0,0.24074074,31837